"DESCRIPTION","DURATION IN MS","NAME","PARENT SUITE","START TIME","STATUS","STOP TIME","SUB SUITE","SUITE","TEST CLASS","TEST METHOD"
"","5732","should show invalid credentials message for wrong username and password","chromium","2026-10-02","passed","2026-10-02","OrangeHRM Login","login.spec.ts","",""
"","6316","should mask password input as a password field","chromium","2026-10-02","passed","2026-10-02","OrangeHRM Login","login.spec.ts","",""
"","4571","should require username and password fields when empty","chromium","2026-10-02","passed","2026-10-02","OrangeHRM Login","login.spec.ts","",""
"","7598","should login successfully","chromium","2026-10-02","passed","2026-10-02","OrangeHRM Login","login.spec.ts","",""
"","5686","should show invalid credentials for invalid username","chromium","2026-10-02","passed","2026-10-02","OrangeHRM Login","login.spec.ts","",""
"","6146","should keep user on login page after failed login","chromium","2026-10-02","passed","2026-10-02","OrangeHRM Login","login.spec.ts","",""
"","27425","should add, edit, validate via API, delete and logout an employee","chromium","2026-10-02","passed","2026-10-02","OrangeHRM - Employee Lifecycle","employee-lifecycle.spec.ts","",""
"","5907","should show invalid credentials for invalid password","chromium","2026-10-02","passed","2026-10-02","OrangeHRM Login","login.spec.ts","",""
"","4183","should show validation when password is empty","chromium","2026-10-02","passed","2026-10-02","OrangeHRM Login","login.spec.ts","",""
"","6031","should show validation when username is empty","chromium","2026-10-02","passed","2026-10-02","OrangeHRM Login","login.spec.ts","",""
